url_encoded_name,decoded_name,title_name,display_name,full_url
12F,12F,12F,12F,https://prts.wiki/w/12F/语音记录
%E9%98%BF,阿,阿,阿,https://prts.wiki/w/%E9%98%BF/语音记录
%E9%98%BF%E5%85%B0%E5%A8%9C,阿兰娜,阿兰娜,阿兰娜,https://prts.wiki/w/%E9%98%BF%E5%85%B0%E5%A8%9C/语音记录
%E9%98%BF%E7%BD%97%E7%8E%9B,阿罗玛,阿罗玛,阿罗玛,https://prts.wiki/w/%E9%98%BF%E7%BD%97%E7%8E%9B/语音记录
%E9%98%BF%E7%B1%B3%E5%A8%85(%E8%BF%91%E5%8D%AB),阿米娅(近卫),阿米娅(近卫),阿米娅(近卫),https://prts.wiki/w/%E9%98%BF%E7%B1%B3%E5%A8%85(%E8%BF%91%E5%8D%AB)/语音记录
%E9%98%BF%E7%B1%B3%E5%A8%85(%E5%8C%BB%E7%96%97),阿米娅(医疗),阿米娅(医疗),阿米娅(医疗),https://prts.wiki/w/%E9%98%BF%E7%B1%B3%E5%A8%85(%E5%8C%BB%E7%96%97)/语音记录
%E9%98%BF%E7%B1%B3%E5%A8%85,阿米娅,阿米娅,阿米娅,https://prts.wiki/w/%E9%98%BF%E7%B1%B3%E5%A8%85/语音记录
%E9%98%BF%E6%96%AF%E5%8D%A1%E7%BA%B6,阿斯卡纶,阿斯卡纶,阿斯卡纶,https://prts.wiki/w/%E9%98%BF%E6%96%AF%E5%8D%A1%E7%BA%B6/语音记录
%E9%98%BF%E6%B6%88,阿消,阿消,阿消,https://prts.wiki/w/%E9%98%BF%E6%B6%88/语音记录
%E8%89%BE%E6%8B%89,艾拉,艾拉,艾拉,https://prts.wiki/w/%E8%89%BE%E6%8B%89/语音记录
%E5%9F%83%E6%8B%89%E6%89%98,埃拉托,埃拉托,埃拉托,https://prts.wiki/w/%E5%9F%83%E6%8B%89%E6%89%98/语音记录
%E8%89%BE%E4%B8%BD%E5%A6%AE,艾丽妮,艾丽妮,艾丽妮,https://prts.wiki/w/%E8%89%BE%E4%B8%BD%E5%A6%AE/语音记录
%E7%88%B1%E4%B8%BD%E4%B8%9D,爱丽丝,爱丽丝,爱丽丝,https://prts.wiki/w/%E7%88%B1%E4%B8%BD%E4%B8%9D/语音记录
%E8%89%BE%E4%B8%9D%E9%BB%9B%E5%B0%94,艾丝黛尔,艾丝黛尔,艾丝黛尔,https://prts.wiki/w/%E8%89%BE%E4%B8%9D%E9%BB%9B%E5%B0%94/语音记录
%E8%89%BE%E9%9B%85%E6%B3%95%E6%8B%89,艾雅法拉,艾雅法拉,艾雅法拉,https://prts.wiki/w/%E8%89%BE%E9%9B%85%E6%B3%95%E6%8B%89/语音记录
%E5%AE%89%E6%AF%94%E5%B0%94,安比尔,安比尔,安比尔,https://prts.wiki/w/%E5%AE%89%E6%AF%94%E5%B0%94/语音记录
%E5%AE%89%E5%BE%B7%E5%88%87%E5%B0%94,安德切尔,安德切尔,安德切尔,https://prts.wiki/w/%E5%AE%89%E5%BE%B7%E5%88%87%E5%B0%94/语音记录
%E5%AE%89%E6%B4%81%E8%8E%89%E5%A8%9C,安洁莉娜,安洁莉娜,安洁莉娜,https://prts.wiki/w/%E5%AE%89%E6%B4%81%E8%8E%89%E5%A8%9C/语音记录
%E5%AE%89%E8%B5%9B%E5%B0%94,安赛尔,安赛尔,安赛尔,https://prts.wiki/w/%E5%AE%89%E8%B5%9B%E5%B0%94/语音记录
%E6%9A%97%E7%B4%A2,暗索,暗索,暗索,https://prts.wiki/w/%E6%9A%97%E7%B4%A2/语音记录
%E5%AE%89%E5%93%B2%E6%8B%89,安哲拉,安哲拉,安哲拉,https://prts.wiki/w/%E5%AE%89%E5%93%B2%E6%8B%89/语音记录
%E5%A5%A5%E8%BE%BE,奥达,奥达,奥达,https://prts.wiki/w/%E5%A5%A5%E8%BE%BE/语音记录
%E5%A5%A5%E6%96%AF%E5%A1%94,奥斯塔,奥斯塔,奥斯塔,https://prts.wiki/w/%E5%A5%A5%E6%96%AF%E5%A1%94/语音记录
%E6%9F%8F%E5%96%99,柏喙,柏喙,柏喙,https://prts.wiki/w/%E6%9F%8F%E5%96%99/语音记录
%E7%99%BD%E9%87%91,白金,白金,白金,https://prts.wiki/w/%E7%99%BD%E9%87%91/语音记录
%E7%99%BE%E7%82%BC%E5%98%89%E7%BB%B4%E5%B0%94,百炼嘉维尔,百炼嘉维尔,百炼嘉维尔,https://prts.wiki/w/%E7%99%BE%E7%82%BC%E5%98%89%E7%BB%B4%E5%B0%94/语音记录
%E7%99%BD%E9%9D%A2%E9%B8%AE,白面鸮,白面鸮,白面鸮,https://prts.wiki/w/%E7%99%BD%E9%9D%A2%E9%B8%AE/语音记录
%E6%8B%9C%E6%9D%BE,拜松,拜松,拜松,https://prts.wiki/w/%E6%8B%9C%E6%9D%BE/语音记录
%E7%99%BD%E9%93%81,白铁,白铁,白铁,https://prts.wiki/w/%E7%99%BD%E9%93%81/语音记录
%E7%99%BD%E9%9B%AA,白雪,白雪,白雪,https://prts.wiki/w/%E7%99%BD%E9%9B%AA/语音记录
%E6%96%91%E7%82%B9,斑点,斑点,斑点,https://prts.wiki/w/%E6%96%91%E7%82%B9/语音记录
%E8%96%84%E7%BB%BF,薄绿,薄绿,薄绿,https://prts.wiki/w/%E8%96%84%E7%BB%BF/语音记录
%E6%9A%B4%E8%A1%8C,暴行,暴行,暴行,https://prts.wiki/w/%E6%9A%B4%E8%A1%8C/语音记录
%E6%9A%B4%E9%9B%A8,暴雨,暴雨,暴雨,https://prts.wiki/w/%E6%9A%B4%E9%9B%A8/语音记录
%E8%B4%9D%E5%A8%9C,贝娜,贝娜,贝娜,https://prts.wiki/w/%E8%B4%9D%E5%A8%9C/语音记录
%E9%9E%AD%E5%88%83,鞭刃,鞭刃,鞭刃,https://prts.wiki/w/%E9%9E%AD%E5%88%83/语音记录
%E5%86%B0%E9%85%BF,冰酿,冰酿,冰酿,https://prts.wiki/w/%E5%86%B0%E9%85%BF/语音记录
%E6%B3%A2%E5%8D%9C,波卜,波卜,波卜,https://prts.wiki/w/%E6%B3%A2%E5%8D%9C/语音记录
%E6%B3%A2%E7%99%BB%E5%8F%AF,波登可,波登可,波登可,https://prts.wiki/w/%E6%B3%A2%E7%99%BB%E5%8F%AF/语音记录
%E5%B8%83%E4%B8%81,布丁,布丁,布丁,https://prts.wiki/w/%E5%B8%83%E4%B8%81/语音记录
%E5%B8%83%E6%B4%9B%E5%8D%A1,布洛卡,布洛卡,布洛卡,https://prts.wiki/w/%E5%B8%83%E6%B4%9B%E5%8D%A1/语音记录
CONFESS-47,CONFESS-47,CONFESS-47,CONFESS-47,https://prts.wiki/w/CONFESS-47/语音记录
%E8%A3%81%E5%BA%A6,裁度,裁度,裁度,https://prts.wiki/w/%E8%A3%81%E5%BA%A6/语音记录
%E8%8B%8D%E8%8B%94,苍苔,苍苔,苍苔,https://prts.wiki/w/%E8%8B%8D%E8%8B%94/语音记录
Castle-3,Castle-3,Castle-3,Castle-3,https://prts.wiki/w/Castle-3/语音记录
%E7%BC%A0%E4%B8%B8,缠丸,缠丸,缠丸,https://prts.wiki/w/%E7%BC%A0%E4%B8%B8/语音记录
%E8%BD%A6%E5%B0%94%E5%B0%BC,车尔尼,车尔尼,车尔尼,https://prts.wiki/w/%E8%BD%A6%E5%B0%94%E5%B0%BC/语音记录
%E9%99%88,陈,陈,陈,https://prts.wiki/w/%E9%99%88/语音记录
%E9%AA%8B%E9%A3%8E,骋风,骋风,骋风,https://prts.wiki/w/%E9%AA%8B%E9%A3%8E/语音记录
%E6%BE%84%E9%97%AA,澄闪,澄闪,澄闪,https://prts.wiki/w/%E6%BE%84%E9%97%AA/语音记录
%E6%89%BF%E6%9B%A6%E6%A0%BC%E9%9B%B7%E4%BC%8A,承曦格雷伊,承曦格雷伊,承曦格雷伊,https://prts.wiki/w/%E6%89%BF%E6%9B%A6%E6%A0%BC%E9%9B%B7%E4%BC%8A/语音记录
%E8%B5%A4%E5%86%AC,赤冬,赤冬,赤冬,https://prts.wiki/w/%E8%B5%A4%E5%86%AC/语音记录
%E6%96%A5%E7%BD%AA,斥罪,斥罪,斥罪,https://prts.wiki/w/%E6%96%A5%E7%BD%AA/语音记录
%E4%BB%87%E7%99%BD,仇白,仇白,仇白,https://prts.wiki/w/%E4%BB%87%E7%99%BD/语音记录
%E5%88%9D%E9%9B%AA,初雪,初雪,初雪,https://prts.wiki/w/%E5%88%9D%E9%9B%AA/语音记录
%E7%BA%AF%E7%83%AC%E8%89%BE%E9%9B%85%E6%B3%95%E6%8B%89,纯烬艾雅法拉,纯烬艾雅法拉,纯烬艾雅法拉,https://prts.wiki/w/%E7%BA%AF%E7%83%AC%E8%89%BE%E9%9B%85%E6%B3%95%E6%8B%89/语音记录
%E5%88%BA%E7%8E%AB,刺玫,刺玫,刺玫,https://prts.wiki/w/%E5%88%BA%E7%8E%AB/语音记录
%E4%BC%BA%E5%A4%9C,伺夜,伺夜,伺夜,https://prts.wiki/w/%E4%BC%BA%E5%A4%9C/语音记录
%E6%B7%AC%E7%BE%BD%E8%B5%AB%E9%BB%98,淬羽赫默,淬羽赫默,淬羽赫默,https://prts.wiki/w/%E6%B7%AC%E7%BE%BD%E8%B5%AB%E9%BB%98/语音记录
%E5%B5%AF%E5%B3%A8,嵯峨,嵯峨,嵯峨,https://prts.wiki/w/%E5%B5%AF%E5%B3%A8/语音记录
%E8%BE%BE%E6%A0%BC%E8%BE%BE,达格达,达格达,达格达,https://prts.wiki/w/%E8%BE%BE%E6%A0%BC%E8%BE%BE/语音记录
%E6%88%B4%E8%8F%B2%E6%81%A9,戴菲恩,戴菲恩,戴菲恩,https://prts.wiki/w/%E6%88%B4%E8%8F%B2%E6%81%A9/语音记录
%E4%BD%86%E4%B9%A6,但书,但书,但书,https://prts.wiki/w/%E4%BD%86%E4%B9%A6/语音记录
%E5%AF%BC%E7%81%AB%E7%B4%A2,导火索,导火索,导火索,https://prts.wiki/w/%E5%AF%BC%E7%81%AB%E7%B4%A2/语音记录
%E5%BE%B7%E5%85%8B%E8%90%A8%E6%96%AF,德克萨斯,德克萨斯,德克萨斯,https://prts.wiki/w/%E5%BE%B7%E5%85%8B%E8%90%A8%E6%96%AF/语音记录
%E5%9C%B0%E7%81%B5,地灵,地灵,地灵,https://prts.wiki/w/%E5%9C%B0%E7%81%B5/语音记录
%E8%92%82%E6%AF%94,蒂比,蒂比,蒂比,https://prts.wiki/w/%E8%92%82%E6%AF%94/语音记录
%E6%B6%A4%E7%81%AB%E6%9D%B0%E8%A5%BF%E5%8D%A1,涤火杰西卡,涤火杰西卡,涤火杰西卡,https://prts.wiki/w/%E6%B6%A4%E7%81%AB%E6%9D%B0%E8%A5%BF%E5%8D%A1/语音记录
%E7%94%B5%E5%BC%A7,电弧,电弧,电弧,https://prts.wiki/w/%E7%94%B5%E5%BC%A7/语音记录
%E8%B0%83%E9%A6%99%E5%B8%88,调香师,调香师,调香师,https://prts.wiki/w/%E8%B0%83%E9%A6%99%E5%B8%88/语音记录
%E8%B1%86%E8%8B%97,豆苗,豆苗,豆苗,https://prts.wiki/w/%E8%B1%86%E8%8B%97/语音记录
%E6%9D%9C%E5%AE%BE,杜宾,杜宾,杜宾,https://prts.wiki/w/%E6%9D%9C%E5%AE%BE/语音记录
%E6%9D%9C%E6%9E%97,杜林,杜林,杜林,https://prts.wiki/w/%E6%9D%9C%E6%9E%97/语音记录
%E6%B8%A1%E6%A1%A5,渡桥,渡桥,渡桥,https://prts.wiki/w/%E6%B8%A1%E6%A1%A5/语音记录
%E6%96%AD%E5%B4%96,断崖,断崖,断崖,https://prts.wiki/w/%E6%96%AD%E5%B4%96/语音记录
%E6%96%AD%E7%BD%AA%E8%80%85,断罪者,断罪者,断罪者,https://prts.wiki/w/%E6%96%AD%E7%BD%AA%E8%80%85/语音记录
%E9%93%8E%E9%93%83,铎铃,铎铃,铎铃,https://prts.wiki/w/%E9%93%8E%E9%93%83/语音记录
%E5%A4%9A%E8%90%9D%E8%A5%BF,多萝西,多萝西,多萝西,https://prts.wiki/w/%E5%A4%9A%E8%90%9D%E8%A5%BF/语音记录
%E8%8A%B3%E6%B1%80,芳汀,芳汀,芳汀,https://prts.wiki/w/%E8%8A%B3%E6%B1%80/语音记录
%E8%8F%B2%E8%8E%B1,菲莱,菲莱,菲莱,https://prts.wiki/w/%E8%8F%B2%E8%8E%B1/语音记录
%E8%8F%B2%E4%BA%9A%E6%A2%85%E5%A1%94,菲亚梅塔,菲亚梅塔,菲亚梅塔,https://prts.wiki/w/%E8%8F%B2%E4%BA%9A%E6%A2%85%E5%A1%94/语音记录
%E8%8A%AC,芬,芬,芬,https://prts.wiki/w/%E8%8A%AC/语音记录
%E9%A3%8E%E7%AC%9B,风笛,风笛,风笛,https://prts.wiki/w/%E9%A3%8E%E7%AC%9B/语音记录
%E9%A3%8E%E4%B8%B8,风丸,风丸,风丸,https://prts.wiki/w/%E9%A3%8E%E4%B8%B8/语音记录
Friston-3,Friston-3,Friston-3,Friston-3,https://prts.wiki/w/Friston-3/语音记录
%E8%8A%99%E5%85%B0%E5%8D%A1,芙兰卡,芙兰卡,芙兰卡,https://prts.wiki/w/%E8%8A%99%E5%85%B0%E5%8D%A1/语音记录
%E8%8A%99%E8%93%89,芙蓉,芙蓉,芙蓉,https://prts.wiki/w/%E8%8A%99%E8%93%89/语音记录
%E6%A0%BC%E6%8B%89%E5%B0%BC,格拉尼,格拉尼,格拉尼,https://prts.wiki/w/%E6%A0%BC%E6%8B%89%E5%B0%BC/语音记录
%E6%A0%BC%E5%8A%B3%E5%85%8B%E6%96%AF,格劳克斯,格劳克斯,格劳克斯,https://prts.wiki/w/%E6%A0%BC%E5%8A%B3%E5%85%8B%E6%96%AF/语音记录
%E6%AD%8C%E8%95%BE%E8%92%82%E5%A8%85,歌蕾蒂娅,歌蕾蒂娅,歌蕾蒂娅,https://prts.wiki/w/%E6%AD%8C%E8%95%BE%E8%92%82%E5%A8%85/语音记录
%E6%A0%BC%E9%9B%B7%E4%BC%8A,格雷伊,格雷伊,格雷伊,https://prts.wiki/w/%E6%A0%BC%E9%9B%B7%E4%BC%8A/语音记录
%E5%8F%A4%E7%B1%B3,古米,古米,古米,https://prts.wiki/w/%E5%8F%A4%E7%B1%B3/语音记录
%E5%BD%92%E6%BA%9F%E5%B9%BD%E7%81%B5%E9%B2%A8,归溟幽灵鲨,归溟幽灵鲨,归溟幽灵鲨,https://prts.wiki/w/%E5%BD%92%E6%BA%9F%E5%B9%BD%E7%81%B5%E9%B2%A8/语音记录
%E7%91%B0%E7%9B%90,瑰盐,瑰盐,瑰盐,https://prts.wiki/w/%E7%91%B0%E7%9B%90/语音记录
%E5%82%80%E5%BD%B1,傀影,傀影,傀影,https://prts.wiki/w/%E5%82%80%E5%BD%B1/语音记录
%E5%93%88%E6%B4%9B%E5%BE%B7,哈洛德,哈洛德,哈洛德,https://prts.wiki/w/%E5%93%88%E6%B4%9B%E5%BE%B7/语音记录
%E6%B5%B7%E8%92%82,海蒂,海蒂,海蒂,https://prts.wiki/w/%E6%B5%B7%E8%92%82/语音记录
%E6%B5%B7%E6%B2%AB,海沫,海沫,海沫,https://prts.wiki/w/%E6%B5%B7%E6%B2%AB/语音记录
%E6%B5%B7%E9%9C%93,海霓,海霓,海霓,https://prts.wiki/w/%E6%B5%B7%E9%9C%93/语音记录
%E5%AF%92%E8%8A%92%E5%85%8B%E6%B4%9B%E4%B8%9D,寒芒克洛丝,寒芒克洛丝,寒芒克洛丝,https://prts.wiki/w/%E5%AF%92%E8%8A%92%E5%85%8B%E6%B4%9B%E4%B8%9D/语音记录
%E5%AF%92%E6%AA%80,寒檀,寒檀,寒檀,https://prts.wiki/w/%E5%AF%92%E6%AA%80/语音记录
%E5%8F%B7%E8%A7%92,号角,号角,号角,https://prts.wiki/w/%E5%8F%B7%E8%A7%92/语音记录
%E8%B5%AB%E5%BE%B7%E9%9B%B7,赫德雷,赫德雷,赫德雷,https://prts.wiki/w/%E8%B5%AB%E5%BE%B7%E9%9B%B7/语音记录
%E8%A4%90%E6%9E%9C,褐果,褐果,褐果,https://prts.wiki/w/%E8%A4%90%E6%9E%9C/语音记录
%E8%B5%AB%E6%8B%89%E6%A0%BC,赫拉格,赫拉格,赫拉格,https://prts.wiki/w/%E8%B5%AB%E6%8B%89%E6%A0%BC/语音记录
%E8%B5%AB%E9%BB%98,赫默,赫默,赫默,https://prts.wiki/w/%E8%B5%AB%E9%BB%98/语音记录
%E5%92%8C%E5%BC%A6,和弦,和弦,和弦,https://prts.wiki/w/%E5%92%8C%E5%BC%A6/语音记录
%E9%BB%91,黑,黑,黑,https://prts.wiki/w/%E9%BB%91/语音记录
%E9%BB%91%E9%94%AE,黑键,黑键,黑键,https://prts.wiki/w/%E9%BB%91%E9%94%AE/语音记录
%E9%BB%91%E8%A7%92,黑角,黑角,黑角,https://prts.wiki/w/%E9%BB%91%E8%A7%92/语音记录
%E8%A1%A1%E6%B2%99,衡沙,衡沙,衡沙,https://prts.wiki/w/%E8%A1%A1%E6%B2%99/语音记录
%E5%90%BD,吽,吽,吽,https://prts.wiki/w/%E5%90%BD/语音记录
%E7%BA%A2,红,红,红,https://prts.wiki/w/%E7%BA%A2/语音记录
%E7%BA%A2%E8%B1%86,红豆,红豆,红豆,https://prts.wiki/w/%E7%BA%A2%E8%B1%86/语音记录
%E7%BA%A2%E9%9A%BC,红隼,红隼,红隼,https://prts.wiki/w/%E7%BA%A2%E9%9A%BC/语音记录
%E9%B8%BF%E9%9B%AA,鸿雪,鸿雪,鸿雪,https://prts.wiki/w/%E9%B8%BF%E9%9B%AA/语音记录
%E7%BA%A2%E4%BA%91,红云,红云,红云,https://prts.wiki/w/%E7%BA%A2%E4%BA%91/语音记录
%E5%8D%8E%E6%B3%95%E7%90%B3,华法琳,华法琳,华法琳,https://prts.wiki/w/%E5%8D%8E%E6%B3%95%E7%90%B3/语音记录
%E6%A7%90%E7%90%A5,槐琥,槐琥,槐琥,https://prts.wiki/w/%E6%A7%90%E7%90%A5/语音记录
%E7%85%8C,煌,煌,煌,https://prts.wiki/w/%E7%85%8C/语音记录
%E8%8D%92%E8%8A%9C%E6%8B%89%E6%99%AE%E5%85%B0%E5%BE%B7,荒芜拉普兰德,荒芜拉普兰德,荒芜拉普兰德,https://prts.wiki/w/%E8%8D%92%E8%8A%9C%E6%8B%89%E6%99%AE%E5%85%B0%E5%BE%B7/语音记录
%E7%81%B0%E6%AF%AB,灰毫,灰毫,灰毫,https://prts.wiki/w/%E7%81%B0%E6%AF%AB/语音记录
%E7%81%B0%E5%96%89,灰喉,灰喉,灰喉,https://prts.wiki/w/%E7%81%B0%E5%96%89/语音记录
%E7%81%B0%E7%83%AC,灰烬,灰烬,灰烬,https://prts.wiki/w/%E7%81%B0%E7%83%AC/语音记录
%E9%9C%8D%E5%B0%94%E6%B5%B7%E9%9B%85,霍尔海雅,霍尔海雅,霍尔海雅,https://prts.wiki/w/%E9%9C%8D%E5%B0%94%E6%B5%B7%E9%9B%85/语音记录
%E7%81%AB%E9%BE%99S%E9%BB%91%E8%A7%92,火龙S黑角,火龙S黑角,火龙S黑角,https://prts.wiki/w/%E7%81%AB%E9%BE%99S%E9%BB%91%E8%A7%92/语音记录
%E7%81%AB%E5%93%A8,火哨,火哨,火哨,https://prts.wiki/w/%E7%81%AB%E5%93%A8/语音记录
%E7%81%AB%E7%A5%9E,火神,火神,火神,https://prts.wiki/w/%E7%81%AB%E7%A5%9E/语音记录
%E6%A3%98%E5%88%BA,棘刺,棘刺,棘刺,https://prts.wiki/w/%E6%A3%98%E5%88%BA/语音记录
%E6%9E%81%E5%85%89,极光,极光,极光,https://prts.wiki/w/%E6%9E%81%E5%85%89/语音记录
%E6%9E%81%E5%A2%83,极境,极境,极境,https://prts.wiki/w/%E6%9E%81%E5%A2%83/语音记录
%E5%90%89%E6%98%9F,吉星,吉星,吉星,https://prts.wiki/w/%E5%90%89%E6%98%9F/语音记录
%E5%81%87%E6%97%A5%E5%A8%81%E9%BE%99%E9%99%88,假日威龙陈,假日威龙陈,假日威龙陈,https://prts.wiki/w/%E5%81%87%E6%97%A5%E5%A8%81%E9%BE%99%E9%99%88/语音记录
%E8%B4%BE%E7%BB%B4,贾维,贾维,贾维,https://prts.wiki/w/%E8%B4%BE%E7%BB%B4/语音记录
%E5%98%89%E7%BB%B4%E5%B0%94,嘉维尔,嘉维尔,嘉维尔,https://prts.wiki/w/%E5%98%89%E7%BB%B4%E5%B0%94/语音记录
%E9%94%8F,锏,锏,锏,https://prts.wiki/w/%E9%94%8F/语音记录
%E5%9D%9A%E9%9B%B7,坚雷,坚雷,坚雷,https://prts.wiki/w/%E5%9D%9A%E9%9B%B7/语音记录
%E7%BC%84%E9%BB%98%E5%BE%B7%E5%85%8B%E8%90%A8%E6%96%AF,缄默德克萨斯,缄默德克萨斯,缄默德克萨斯,https://prts.wiki/w/%E7%BC%84%E9%BB%98%E5%BE%B7%E5%85%8B%E8%90%A8%E6%96%AF/语音记录
%E8%A7%81%E8%A1%8C%E8%80%85,见行者,见行者,见行者,https://prts.wiki/w/%E8%A7%81%E8%A1%8C%E8%80%85/语音记录
%E8%A7%92%E5%B3%B0,角峰,角峰,角峰,https://prts.wiki/w/%E8%A7%92%E5%B3%B0/语音记录
%E5%AD%91,孑,孑,孑,https://prts.wiki/w/%E5%AD%91/语音记录
%E6%9D%B0%E5%85%8B,杰克,杰克,杰克,https://prts.wiki/w/%E6%9D%B0%E5%85%8B/语音记录
%E6%9D%B0%E8%A5%BF%E5%8D%A1,杰西卡,杰西卡,杰西卡,https://prts.wiki/w/%E6%9D%B0%E8%A5%BF%E5%8D%A1/语音记录
%E6%88%AA%E4%BA%91,截云,截云,截云,https://prts.wiki/w/%E6%88%AA%E4%BA%91/语音记录
%E6%83%8A%E8%9B%B0,惊蛰,惊蛰,惊蛰,https://prts.wiki/w/%E6%83%8A%E8%9B%B0/语音记录
%E4%B9%9D%E8%89%B2%E9%B9%BF,九色鹿,九色鹿,九色鹿,https://prts.wiki/w/%E4%B9%9D%E8%89%B2%E9%B9%BF/语音记录
%E9%85%92%E7%A5%9E,酒神,酒神,酒神,https://prts.wiki/w/%E9%85%92%E7%A5%9E/语音记录
%E5%8D%A1%E8%BE%BE,卡达,卡达,卡达,https://prts.wiki/w/%E5%8D%A1%E8%BE%BE/语音记录
%E5%8D%A1%E5%A4%AB%E5%8D%A1,卡夫卡,卡夫卡,卡夫卡,https://prts.wiki/w/%E5%8D%A1%E5%A4%AB%E5%8D%A1/语音记录
%E5%8D%A1%E6%B6%85%E5%88%A9%E5%AE%89,卡涅利安,卡涅利安,卡涅利安,https://prts.wiki/w/%E5%8D%A1%E6%B6%85%E5%88%A9%E5%AE%89/语音记录
%E5%8D%A1%E7%BC%87,卡缇,卡缇,卡缇,https://prts.wiki/w/%E5%8D%A1%E7%BC%87/语音记录
%E5%87%AF%E5%B0%94%E5%B8%8C,凯尔希,凯尔希,凯尔希,https://prts.wiki/w/%E5%87%AF%E5%B0%94%E5%B8%8C/语音记录
%E5%87%AF%E7%91%9F%E7%90%B3,凯瑟琳,凯瑟琳,凯瑟琳,https://prts.wiki/w/%E5%87%AF%E7%91%9F%E7%90%B3/语音记录
%E5%88%BB%E5%88%80,刻刀,刻刀,刻刀,https://prts.wiki/w/%E5%88%BB%E5%88%80/语音记录
%E5%88%BB%E4%BF%84%E6%9F%8F,刻俄柏,刻俄柏,刻俄柏,https://prts.wiki/w/%E5%88%BB%E4%BF%84%E6%9F%8F/语音记录
%E5%85%8B%E6%B4%9B%E4%B8%9D,克洛丝,克洛丝,克洛丝,https://prts.wiki/w/%E5%85%8B%E6%B4%9B%E4%B8%9D/语音记录
%E5%8F%AF%E9%A2%82,可颂,可颂,可颂,https://prts.wiki/w/%E5%8F%AF%E9%A2%82/语音记录
%E7%A9%BA,空,空,空,https://prts.wiki/w/%E7%A9%BA/语音记录
%E7%A9%BA%E7%88%86,空爆,空爆,空爆,https://prts.wiki/w/%E7%A9%BA%E7%88%86/语音记录
%E7%A9%BA%E6%9E%84,空构,空构,空构,https://prts.wiki/w/%E7%A9%BA%E6%9E%84/语音记录
%E7%A9%BA%E5%BC%A6,空弦,空弦,空弦,https://prts.wiki/w/%E7%A9%BA%E5%BC%A6/语音记录
%E8%8B%A6%E8%89%BE,苦艾,苦艾,苦艾,https://prts.wiki/w/%E8%8B%A6%E8%89%BE/语音记录
%E6%8B%89%E6%99%AE%E5%85%B0%E5%BE%B7,拉普兰德,拉普兰德,拉普兰德,https://prts.wiki/w/%E6%8B%89%E6%99%AE%E5%85%B0%E5%BE%B7/语音记录
%E8%8E%B1%E6%81%A9%E5%93%88%E7%89%B9,莱恩哈特,莱恩哈特,莱恩哈特,https://prts.wiki/w/%E8%8E%B1%E6%81%A9%E5%93%88%E7%89%B9/语音记录
%E8%8E%B1%E6%AC%A7%E6%96%AF,莱欧斯,莱欧斯,莱欧斯,https://prts.wiki/w/%E8%8E%B1%E6%AC%A7%E6%96%AF/语音记录
%E8%8E%B1%E4%BC%8A,莱伊,莱伊,莱伊,https://prts.wiki/w/%E8%8E%B1%E4%BC%8A/语音记录
%E8%93%9D%E6%AF%92,蓝毒,蓝毒,蓝毒,https://prts.wiki/w/%E8%93%9D%E6%AF%92/语音记录
Lancet-2,Lancet-2,Lancet-2,Lancet-2,https://prts.wiki/w/Lancet-2/语音记录
%E8%80%81%E9%B2%A4,老鲤,老鲤,老鲤,https://prts.wiki/w/%E8%80%81%E9%B2%A4/语音记录
%E8%95%BE%E7%BC%AA%E5%AE%89,蕾缪安,蕾缪安,蕾缪安,https://prts.wiki/w/%E8%95%BE%E7%BC%AA%E5%AE%89/语音记录
%E9%9B%B7%E8%9B%87,雷蛇,雷蛇,雷蛇,https://prts.wiki/w/%E9%9B%B7%E8%9B%87/语音记录
%E7%A0%BE,砾,砾,砾,https://prts.wiki/w/%E7%A0%BE/语音记录
%E5%8E%86%E9%98%B5%E9%94%90%E6%9E%AA%E8%8A%AC,历阵锐枪芬,历阵锐枪芬,历阵锐枪芬,https://prts.wiki/w/%E5%8E%86%E9%98%B5%E9%94%90%E6%9E%AA%E8%8A%AC/语音记录
%E7%8C%8E%E8%9C%82,猎蜂,猎蜂,猎蜂,https://prts.wiki/w/%E7%8C%8E%E8%9C%82/语音记录
%E7%83%88%E5%A4%8F,烈夏,烈夏,烈夏,https://prts.wiki/w/%E7%83%88%E5%A4%8F/语音记录
%E6%9E%97,林,林,林,https://prts.wiki/w/%E6%9E%97/语音记录
%E5%87%9B%E5%86%AC,凛冬,凛冬,凛冬,https://prts.wiki/w/%E5%87%9B%E5%86%AC/语音记录
%E4%B8%B4%E5%85%89,临光,临光,临光,https://prts.wiki/w/%E4%B8%B4%E5%85%89/语音记录
%E7%90%B3%E7%90%85%E8%AF%97%E6%80%80%E9%9B%85,琳琅诗怀雅,琳琅诗怀雅,琳琅诗怀雅,https://prts.wiki/w/%E7%90%B3%E7%90%85%E8%AF%97%E6%80%80%E9%9B%85/语音记录
%E5%87%9B%E8%A7%86,凛视,凛视,凛视,https://prts.wiki/w/%E5%87%9B%E8%A7%86/语音记录
%E4%BB%A4,令,令,令,https://prts.wiki/w/%E4%BB%A4/语音记录
%E9%93%83%E5%85%B0,铃兰,铃兰,铃兰,https://prts.wiki/w/%E9%93%83%E5%85%B0/语音记录
%E8%81%86%E9%9F%B3,聆音,聆音,聆音,https://prts.wiki/w/%E8%81%86%E9%9F%B3/语音记录
%E7%BF%8E%E7%BE%BD,翎羽,翎羽,翎羽,https://prts.wiki/w/%E7%BF%8E%E7%BE%BD/语音记录
%E7%81%B5%E7%9F%A5,灵知,灵知,灵知,https://prts.wiki/w/%E7%81%B5%E7%9F%A5/语音记录
%E6%B5%81%E6%98%8E,流明,流明,流明,https://prts.wiki/w/%E6%B5%81%E6%98%8E/语音记录
%E6%B5%81%E6%98%9F,流星,流星,流星,https://prts.wiki/w/%E6%B5%81%E6%98%9F/语音记录
%E9%BE%99%E8%88%8C%E5%85%B0,龙舌兰,龙舌兰,龙舌兰,https://prts.wiki/w/%E9%BE%99%E8%88%8C%E5%85%B0/语音记录
%E9%9C%B2%E6%89%98,露托,露托,露托,https://prts.wiki/w/%E9%9C%B2%E6%89%98/语音记录
%E5%BD%95%E6%AD%A6%E5%AE%98,录武官,录武官,录武官,https://prts.wiki/w/%E5%BD%95%E6%AD%A6%E5%AE%98/语音记录
%E7%BD%97%E6%AF%94%E8%8F%88%E5%A1%94,罗比菈塔,罗比菈塔,罗比菈塔,https://prts.wiki/w/%E7%BD%97%E6%AF%94%E8%8F%88%E5%A1%94/语音记录
%E7%BD%97%E5%AE%BE,罗宾,罗宾,罗宾,https://prts.wiki/w/%E7%BD%97%E5%AE%BE/语音记录
%E9%80%BB%E5%90%84%E6%96%AF,逻各斯,逻各斯,逻各斯,https://prts.wiki/w/%E9%80%BB%E5%90%84%E6%96%AF/语音记录
%E6%B4%9B%E6%B4%9B,洛洛,洛洛,洛洛,https://prts.wiki/w/%E6%B4%9B%E6%B4%9B/语音记录
%E7%BD%97%E5%B0%8F%E9%BB%91,罗小黑,罗小黑,罗小黑,https://prts.wiki/w/%E7%BD%97%E5%B0%8F%E9%BB%91/语音记录
%E6%8E%A0%E9%A3%8E,掠风,掠风,掠风,https://prts.wiki/w/%E6%8E%A0%E9%A3%8E/语音记录
%E7%8E%9B%E6%81%A9%E7%BA%B3,玛恩纳,玛恩纳,玛恩纳,https://prts.wiki/w/%E7%8E%9B%E6%81%A9%E7%BA%B3/语音记录
%E7%8E%9B%E9%9C%B2%E8%A5%BF%E5%B0%94,玛露西尔,玛露西尔,玛露西尔,https://prts.wiki/w/%E7%8E%9B%E9%9C%B2%E8%A5%BF%E5%B0%94/语音记录
%E9%BA%A6%E5%93%B2%E4%BC%A6,麦哲伦,麦哲伦,麦哲伦,https://prts.wiki/w/%E9%BA%A6%E5%93%B2%E4%BC%A6/语音记录
%E6%A2%85,梅,梅,梅,https://prts.wiki/w/%E6%A2%85/语音记录
%E6%A2%85%E5%B0%94,梅尔,梅尔,梅尔,https://prts.wiki/w/%E6%A2%85%E5%B0%94/语音记录
%E7%8E%AB%E6%8B%89,玫拉,玫拉,玫拉,https://prts.wiki/w/%E7%8E%AB%E6%8B%89/语音记录
%E7%8E%AB%E5%85%B0%E8%8E%8E,玫兰莎,玫兰莎,玫兰莎,https://prts.wiki/w/%E7%8E%AB%E5%85%B0%E8%8E%8E/语音记录
%E8%BF%B7%E8%BF%AD%E9%A6%99,迷迭香,迷迭香,迷迭香,https://prts.wiki/w/%E8%BF%B7%E8%BF%AD%E9%A6%99/语音记录
%E7%B1%B3%E6%A0%BC%E9%B2%81,米格鲁,米格鲁,米格鲁,https://prts.wiki/w/%E7%B1%B3%E6%A0%BC%E9%B2%81/语音记录
%E8%9C%9C%E8%9C%A1,蜜蜡,蜜蜡,蜜蜡,https://prts.wiki/w/%E8%9C%9C%E8%9C%A1/语音记录
%E8%9C%9C%E8%8E%93,蜜莓,蜜莓,蜜莓,https://prts.wiki/w/%E8%9C%9C%E8%8E%93/语音记录
%E8%B0%9C%E5%9B%BE,谜图,谜图,谜图,https://prts.wiki/w/%E8%B0%9C%E5%9B%BE/语音记录
%E6%98%8E%E6%A4%92,明椒,明椒,明椒,https://prts.wiki/w/%E6%98%8E%E6%A4%92/语音记录
Miss.Christine,Miss.Christine,Miss.Christine,Miss.Christine,https://prts.wiki/w/Miss.Christine/语音记录
%E6%91%A9%E6%A0%B9,摩根,摩根,摩根,https://prts.wiki/w/%E6%91%A9%E6%A0%B9/语音记录
%E8%8E%AB%E6%96%AF%E6%8F%90%E9%A9%AC,莫斯提马,莫斯提马,莫斯提马,https://prts.wiki/w/%E8%8E%AB%E6%96%AF%E6%8F%90%E9%A9%AC/语音记录
%E9%AD%94%E7%8E%8B,魔王,魔王,魔王,https://prts.wiki/w/%E9%AD%94%E7%8E%8B/语音记录
%E6%9C%AB%E8%8D%AF,末药,末药,末药,https://prts.wiki/w/%E6%9C%AB%E8%8D%AF/语音记录
Mon3tr,Mon3tr,Mon3tr,Mon3tr,https://prts.wiki/w/Mon3tr/语音记录
%E7%BC%AA%E5%B0%94%E8%B5%9B%E6%80%9D,缪尔赛思,缪尔赛思,缪尔赛思,https://prts.wiki/w/%E7%BC%AA%E5%B0%94%E8%B5%9B%E6%80%9D/语音记录
%E6%9A%AE%E8%90%BD,暮落,暮落,暮落,https://prts.wiki/w/%E6%9A%AE%E8%90%BD/语音记录
%E9%92%BC%E9%93%85,钼铅,钼铅,钼铅,https://prts.wiki/w/%E9%92%BC%E9%93%85/语音记录
%E6%85%95%E6%96%AF,慕斯,慕斯,慕斯,https://prts.wiki/w/%E6%85%95%E6%96%AF/语音记录
%E5%A8%9C%E4%BB%81%E5%9B%BE%E4%BA%9A,娜仁图亚,娜仁图亚,娜仁图亚,https://prts.wiki/w/%E5%A8%9C%E4%BB%81%E5%9B%BE%E4%BA%9A/语音记录
%E8%83%BD%E5%A4%A9%E4%BD%BF,能天使,能天使,能天使,https://prts.wiki/w/%E8%83%BD%E5%A4%A9%E4%BD%BF/语音记录
%E5%A6%AE%E8%8A%99,妮芙,妮芙,妮芙,https://prts.wiki/w/%E5%A6%AE%E8%8A%99/语音记录
%E6%B3%A5%E5%B2%A9,泥岩,泥岩,泥岩,https://prts.wiki/w/%E6%B3%A5%E5%B2%A9/语音记录
%E5%B9%B4,年,年,年,https://prts.wiki/w/%E5%B9%B4/语音记录
%E8%AF%BA%E5%A8%81%E5%B0%94,诺威尔,诺威尔,诺威尔,https://prts.wiki/w/%E8%AF%BA%E5%A8%81%E5%B0%94/语音记录
%E5%B8%95%E6%8B%89%E6%96%AF,帕拉斯,帕拉斯,帕拉斯,https://prts.wiki/w/%E5%B8%95%E6%8B%89%E6%96%AF/语音记录
%E6%B3%A1%E6%B3%A1,泡泡,泡泡,泡泡,https://prts.wiki/w/%E6%B3%A1%E6%B3%A1/语音记录
%E6%B3%A1%E6%99%AE%E5%8D%A1,泡普卡,泡普卡,泡普卡,https://prts.wiki/w/%E6%B3%A1%E6%99%AE%E5%8D%A1/语音记录
%E4%BD%A9%E4%BD%A9,佩佩,佩佩,佩佩,https://prts.wiki/w/%E4%BD%A9%E4%BD%A9/语音记录
PhonoR-0,PhonoR-0,PhonoR-0,PhonoR-0,https://prts.wiki/w/PhonoR-0/语音记录
Pith,Pith,Pith,Pith,https://prts.wiki/w/Pith/语音记录
%E6%99%AE%E7%BD%97%E6%97%BA%E6%96%AF,普罗旺斯,普罗旺斯,普罗旺斯,https://prts.wiki/w/%E6%99%AE%E7%BD%97%E6%97%BA%E6%96%AF/语音记录
%E9%BD%90%E5%B0%94%E6%9F%A5%E5%85%8B,齐尔查克,齐尔查克,齐尔查克,https://prts.wiki/w/%E9%BD%90%E5%B0%94%E6%9F%A5%E5%85%8B/语音记录
%E7%BB%AE%E8%89%AF,绮良,绮良,绮良,https://prts.wiki/w/%E7%BB%AE%E8%89%AF/语音记录
%E9%BA%92%E9%BA%9FR%E5%A4%9C%E5%88%80,麒麟R夜刀,麒麟R夜刀,麒麟R夜刀,https://prts.wiki/w/%E9%BA%92%E9%BA%9FR%E5%A4%9C%E5%88%80/语音记录
%E9%93%85%E8%B8%9D,铅踝,铅踝,铅踝,https://prts.wiki/w/%E9%93%85%E8%B8%9D/语音记录
%E7%90%B4%E6%9F%B3,琴柳,琴柳,琴柳,https://prts.wiki/w/%E7%90%B4%E6%9F%B3/语音记录
%E6%B8%85%E9%81%93%E5%A4%AB,清道夫,清道夫,清道夫,https://prts.wiki/w/%E6%B8%85%E9%81%93%E5%A4%AB/语音记录
%E6%B8%85%E6%B5%81,清流,清流,清流,https://prts.wiki/w/%E6%B8%85%E6%B5%81/语音记录
%E9%9D%92%E6%9E%B3,青枳,青枳,青枳,https://prts.wiki/w/%E9%9D%92%E6%9E%B3/语音记录
%E5%BF%8D%E5%86%AC,忍冬,忍冬,忍冬,https://prts.wiki/w/%E5%BF%8D%E5%86%AC/语音记录
%E7%86%94%E6%B3%89,熔泉,熔泉,熔泉,https://prts.wiki/w/%E7%86%94%E6%B3%89/语音记录
%E5%A1%9E%E9%9B%B7%E5%A8%85,塞雷娅,塞雷娅,塞雷娅,https://prts.wiki/w/%E5%A1%9E%E9%9B%B7%E5%A8%85/语音记录
%E6%A1%91%E8%91%9A,桑葚,桑葚,桑葚,https://prts.wiki/w/%E6%A1%91%E8%91%9A/语音记录
%E6%A3%AE%E8%9A%BA,森蚺,森蚺,森蚺,https://prts.wiki/w/%E6%A3%AE%E8%9A%BA/语音记录
%E6%A3%AE%E8%A5%BF,森西,森西,森西,https://prts.wiki/w/%E6%A3%AE%E8%A5%BF/语音记录
%E8%8E%8E%E8%8D%89,莎草,莎草,莎草,https://prts.wiki/w/%E8%8E%8E%E8%8D%89/语音记录
%E5%B1%B1,山,山,山,https://prts.wiki/w/%E5%B1%B1/语音记录
%E9%97%AA%E5%87%BB,闪击,闪击,闪击,https://prts.wiki/w/%E9%97%AA%E5%87%BB/语音记录
%E9%97%AA%E7%81%B5,闪灵,闪灵,闪灵,https://prts.wiki/w/%E9%97%AA%E7%81%B5/语音记录
Sharp,Sharp,Sharp,Sharp,https://prts.wiki/w/Sharp/语音记录
%E6%85%91%E7%A0%82,慑砂,慑砂,慑砂,https://prts.wiki/w/%E6%85%91%E7%A0%82/语音记录
%E8%9B%87%E5%B1%A0%E7%AE%B1,蛇屠箱,蛇屠箱,蛇屠箱,https://prts.wiki/w/%E8%9B%87%E5%B1%A0%E7%AE%B1/语音记录
%E6%B7%B1%E9%9D%9B,深靛,深靛,深靛,https://prts.wiki/w/%E6%B7%B1%E9%9D%9B/语音记录
%E6%B7%B1%E6%B5%B7%E8%89%B2,深海色,深海色,深海色,https://prts.wiki/w/%E6%B7%B1%E6%B5%B7%E8%89%B2/语音记录
%E6%B7%B1%E5%BE%8B,深律,深律,深律,https://prts.wiki/w/%E6%B7%B1%E5%BE%8B/语音记录
%E6%B7%B1%E5%B7%A1,深巡,深巡,深巡,https://prts.wiki/w/%E6%B7%B1%E5%B7%A1/语音记录
%E5%9C%A3%E7%BA%A6%E9%80%81%E8%91%AC%E4%BA%BA,圣约送葬人,圣约送葬人,圣约送葬人,https://prts.wiki/w/%E5%9C%A3%E7%BA%A6%E9%80%81%E8%91%AC%E4%BA%BA/语音记录
%E5%8F%B2%E9%83%BD%E5%8D%8E%E5%BE%B7,史都华德,史都华德,史都华德,https://prts.wiki/w/%E5%8F%B2%E9%83%BD%E5%8D%8E%E5%BE%B7/语音记录
%E5%8F%B2%E5%B0%94%E7%89%B9%E5%B0%94,史尔特尔,史尔特尔,史尔特尔,https://prts.wiki/w/%E5%8F%B2%E5%B0%94%E7%89%B9%E5%B0%94/语音记录
%E8%AF%97%E6%80%80%E9%9B%85,诗怀雅,诗怀雅,诗怀雅,https://prts.wiki/w/%E8%AF%97%E6%80%80%E9%9B%85/语音记录
%E5%BC%91%E5%90%9B%E8%80%85,弑君者,弑君者,弑君者,https://prts.wiki/w/%E5%BC%91%E5%90%9B%E8%80%85/语音记录
%E7%9F%B3%E6%A3%89,石棉,石棉,石棉,https://prts.wiki/w/%E7%9F%B3%E6%A3%89/语音记录
%E8%9A%80%E6%B8%85,蚀清,蚀清,蚀清,https://prts.wiki/w/%E8%9A%80%E6%B8%85/语音记录
%E9%A3%9F%E9%93%81%E5%85%BD,食铁兽,食铁兽,食铁兽,https://prts.wiki/w/%E9%A3%9F%E9%93%81%E5%85%BD/语音记录
%E7%8B%AE%E8%9D%8E,狮蝎,狮蝎,狮蝎,https://prts.wiki/w/%E7%8B%AE%E8%9D%8E/语音记录
%E7%9F%B3%E8%8B%B1,石英,石英,石英,https://prts.wiki/w/%E7%9F%B3%E8%8B%B1/语音记录
%E5%AE%88%E6%9E%97%E4%BA%BA,守林人,守林人,守林人,https://prts.wiki/w/%E5%AE%88%E6%9E%97%E4%BA%BA/语音记录
%E9%BB%8D,黍,黍,黍,https://prts.wiki/w/%E9%BB%8D/语音记录
%E9%9C%9C%E5%8D%8E,霜华,霜华,霜华,https://prts.wiki/w/%E9%9C%9C%E5%8D%8E/语音记录
%E9%9C%9C%E5%8F%B6,霜叶,霜叶,霜叶,https://prts.wiki/w/%E9%9C%9C%E5%8F%B6/语音记录
%E5%8F%8C%E6%9C%88,双月,双月,双月,https://prts.wiki/w/%E5%8F%8C%E6%9C%88/语音记录
%E6%B0%B4%E7%81%AF%E5%BF%83,水灯心,水灯心,水灯心,https://prts.wiki/w/%E6%B0%B4%E7%81%AF%E5%BF%83/语音记录
%E6%B0%B4%E6%9C%88,水月,水月,水月,https://prts.wiki/w/%E6%B0%B4%E6%9C%88/语音记录
%E6%96%AF%E5%8D%A1%E8%92%82,斯卡蒂,斯卡蒂,斯卡蒂,https://prts.wiki/w/%E6%96%AF%E5%8D%A1%E8%92%82/语音记录
%E6%AD%BB%E8%8A%92,死芒,死芒,死芒,https://prts.wiki/w/%E6%AD%BB%E8%8A%92/语音记录
%E5%8F%B8%E9%9C%86%E6%83%8A%E8%9B%B0,司霆惊蛰,司霆惊蛰,司霆惊蛰,https://prts.wiki/w/%E5%8F%B8%E9%9C%86%E6%83%8A%E8%9B%B0/语音记录
%E5%9B%9B%E6%9C%88,四月,四月,四月,https://prts.wiki/w/%E5%9B%9B%E6%9C%88/语音记录
%E6%9D%BE%E6%9E%9C,松果,松果,松果,https://prts.wiki/w/%E6%9D%BE%E6%9E%9C/语音记录
%E6%9D%BE%E6%A1%90,松桐,松桐,松桐,https://prts.wiki/w/%E6%9D%BE%E6%A1%90/语音记录
%E9%80%81%E8%91%AC%E4%BA%BA,送葬人,送葬人,送葬人,https://prts.wiki/w/%E9%80%81%E8%91%AC%E4%BA%BA/语音记录
Stormeye,Stormeye,Stormeye,Stormeye,https://prts.wiki/w/Stormeye/语音记录
%E8%8B%8F%E8%8B%8F%E6%B4%9B,苏苏洛,苏苏洛,苏苏洛,https://prts.wiki/w/%E8%8B%8F%E8%8B%8F%E6%B4%9B/语音记录
%E5%A1%91%E5%BF%83,塑心,塑心,塑心,https://prts.wiki/w/%E5%A1%91%E5%BF%83/语音记录
%E9%85%B8%E7%B3%96,酸糖,酸糖,酸糖,https://prts.wiki/w/%E9%85%B8%E7%B3%96/语音记录
%E7%87%A7%E7%9F%B3,燧石,燧石,燧石,https://prts.wiki/w/%E7%87%A7%E7%9F%B3/语音记录
THRM-EX,THRM-EX,THRM-EX,THRM-EX,https://prts.wiki/w/THRM-EX/语音记录
%E6%B3%B0%E6%8B%89%E5%A4%A7%E9%99%86%E8%B0%83%E6%9F%A5%E5%9B%A2,泰拉大陆调查团,泰拉大陆调查团,泰拉大陆调查团,https://prts.wiki/w/%E6%B3%B0%E6%8B%89%E5%A4%A7%E9%99%86%E8%B0%83%E6%9F%A5%E5%9B%A2/语音记录
%E6%A1%83%E9%87%91%E5%A8%98,桃金娘,桃金娘,桃金娘,https://prts.wiki/w/%E6%A1%83%E9%87%91%E5%A8%98/语音记录
%E7%89%B9%E5%85%8B%E8%AF%BA,特克诺,特克诺,特克诺,https://prts.wiki/w/%E7%89%B9%E5%85%8B%E8%AF%BA/语音记录
%E7%89%B9%E7%B1%B3%E7%B1%B3,特米米,特米米,特米米,https://prts.wiki/w/%E7%89%B9%E7%B1%B3%E7%B1%B3/语音记录
%E6%8F%90%E4%B8%B0,提丰,提丰,提丰,https://prts.wiki/w/%E6%8F%90%E4%B8%B0/语音记录
%E5%A4%A9%E7%81%AB,天火,天火,天火,https://prts.wiki/w/%E5%A4%A9%E7%81%AB/语音记录
Touch,Touch,Touch,Touch,https://prts.wiki/w/Touch/语音记录
%E5%9B%BE%E8%80%B6,图耶,图耶,图耶,https://prts.wiki/w/%E5%9B%BE%E8%80%B6/语音记录
%E6%8E%A8%E8%BF%9B%E4%B9%8B%E7%8E%8B,推进之王,推进之王,推进之王,https://prts.wiki/w/%E6%8E%A8%E8%BF%9B%E4%B9%8B%E7%8E%8B/语音记录
U-Official,U-Official,U-Official,U-Official,https://prts.wiki/w/U-Official/语音记录
W,W,W,W,https://prts.wiki/w/W/语音记录
%E4%B8%87%E9%A1%B7,万顷,万顷,万顷,https://prts.wiki/w/%E4%B8%87%E9%A1%B7/语音记录
%E8%8B%87%E8%8D%89,苇草,苇草,苇草,https://prts.wiki/w/%E8%8B%87%E8%8D%89/语音记录
%E7%BB%B4%E8%8D%BB,维荻,维荻,维荻,https://prts.wiki/w/%E7%BB%B4%E8%8D%BB/语音记录
%E5%BE%AE%E9%A3%8E,微风,微风,微风,https://prts.wiki/w/%E5%BE%AE%E9%A3%8E/语音记录
%E7%BB%B4%E5%A8%9C%C2%B7%E7%BB%B4%E5%A4%9A%E5%88%A9%E4%BA%9A,维娜·维多利亚,维娜·维多利亚,维娜·维多利亚,https://prts.wiki/w/%E7%BB%B4%E5%A8%9C%C2%B7%E7%BB%B4%E5%A4%9A%E5%88%A9%E4%BA%9A/语音记录
%E7%BB%B4%E4%BB%80%E6%88%B4%E5%B0%94,维什戴尔,维什戴尔,维什戴尔,https://prts.wiki/w/%E7%BB%B4%E4%BB%80%E6%88%B4%E5%B0%94/语音记录
%E8%96%87%E8%96%87%E5%AE%89%E5%A8%9C,薇薇安娜,薇薇安娜,薇薇安娜,https://prts.wiki/w/%E8%96%87%E8%96%87%E5%AE%89%E5%A8%9C/语音记录
%E6%B8%A9%E8%92%82,温蒂,温蒂,温蒂,https://prts.wiki/w/%E6%B8%A9%E8%92%82/语音记录
%E6%B8%A9%E7%B1%B3,温米,温米,温米,https://prts.wiki/w/%E6%B8%A9%E7%B1%B3/语音记录
%E4%B9%8C%E5%B0%94%E6%AF%94%E5%AE%89,乌尔比安,乌尔比安,乌尔比安,https://prts.wiki/w/%E4%B9%8C%E5%B0%94%E6%AF%94%E5%AE%89/语音记录
%E5%B7%AB%E6%81%8B,巫恋,巫恋,巫恋,https://prts.wiki/w/%E5%B7%AB%E6%81%8B/语音记录
%E4%B9%8C%E6%9C%89,乌有,乌有,乌有,https://prts.wiki/w/%E4%B9%8C%E6%9C%89/语音记录
%E5%A4%95,夕,夕,夕,https://prts.wiki/w/%E5%A4%95/语音记录
%E9%94%A1%E5%85%B0,锡兰,锡兰,锡兰,https://prts.wiki/w/%E9%94%A1%E5%85%B0/语音记录
%E9%94%A1%E4%BA%BA,锡人,锡人,锡人,https://prts.wiki/w/%E9%94%A1%E4%BA%BA/语音记录
%E7%A8%80%E9%9F%B3,稀音,稀音,稀音,https://prts.wiki/w/%E7%A8%80%E9%9F%B3/语音记录
%E7%91%95%E5%85%89,瑕光,瑕光,瑕光,https://prts.wiki/w/%E7%91%95%E5%85%89/语音记录
%E5%A4%8F%E6%A0%8E,夏栎,夏栎,夏栎,https://prts.wiki/w/%E5%A4%8F%E6%A0%8E/语音记录
%E9%A6%99%E8%8D%89,香草,香草,香草,https://prts.wiki/w/%E9%A6%99%E8%8D%89/语音记录
%E6%99%93%E6%AD%8C,晓歌,晓歌,晓歌,https://prts.wiki/w/%E6%99%93%E6%AD%8C/语音记录
%E5%B0%8F%E6%BB%A1,小满,小满,小满,https://prts.wiki/w/%E5%B0%8F%E6%BB%A1/语音记录
%E4%BF%A1%E4%BB%B0%E6%90%85%E6%8B%8C%E6%9C%BA,信仰搅拌机,信仰搅拌机,信仰搅拌机,https://prts.wiki/w/%E4%BF%A1%E4%BB%B0%E6%90%85%E6%8B%8C%E6%9C%BA/语音记录
%E6%96%B0%E7%BA%A6%E8%83%BD%E5%A4%A9%E4%BD%BF,新约能天使,新约能天使,新约能天使,https://prts.wiki/w/%E6%96%B0%E7%BA%A6%E8%83%BD%E5%A4%A9%E4%BD%BF/语音记录
%E6%98%9F%E6%9E%81,星极,星极,星极,https://prts.wiki/w/%E6%98%9F%E6%9E%81/语音记录
%E6%9D%8F%E4%BB%81,杏仁,杏仁,杏仁,https://prts.wiki/w/%E6%9D%8F%E4%BB%81/语音记录
%E6%98%9F%E7%86%8A,星熊,星熊,星熊,https://prts.wiki/w/%E6%98%9F%E7%86%8A/语音记录
%E6%98%9F%E6%BA%90,星源,星源,星源,https://prts.wiki/w/%E6%98%9F%E6%BA%90/语音记录
%E8%A1%8C%E7%AE%B8,行箸,行箸,行箸,https://prts.wiki/w/%E8%A1%8C%E7%AE%B8/语音记录
%E4%BC%91%E8%B0%9F%E6%96%AF,休谟斯,休谟斯,休谟斯,https://prts.wiki/w/%E4%BC%91%E8%B0%9F%E6%96%AF/语音记录
%E7%B5%AE%E9%9B%A8,絮雨,絮雨,絮雨,https://prts.wiki/w/%E7%B5%AE%E9%9B%A8/语音记录
%E9%9B%AA%E7%BB%92,雪绒,雪绒,雪绒,https://prts.wiki/w/%E9%9B%AA%E7%BB%92/语音记录
%E9%9B%AA%E9%9B%89,雪雉,雪雉,雪雉,https://prts.wiki/w/%E9%9B%AA%E9%9B%89/语音记录
%E5%AF%BB%E6%BE%9C,寻澜,寻澜,寻澜,https://prts.wiki/w/%E5%AF%BB%E6%BE%9C/语音记录
%E5%B7%A1%E6%9E%97%E8%80%85,巡林者,巡林者,巡林者,https://prts.wiki/w/%E5%B7%A1%E6%9E%97%E8%80%85/语音记录
%E8%AE%AF%E4%BD%BF,讯使,讯使,讯使,https://prts.wiki/w/%E8%AE%AF%E4%BD%BF/语音记录
%E5%B4%96%E5%BF%83,崖心,崖心,崖心,https://prts.wiki/w/%E5%B4%96%E5%BF%83/语音记录
%E4%BA%9A%E5%8F%B6,亚叶,亚叶,亚叶,https://prts.wiki/w/%E4%BA%9A%E5%8F%B6/语音记录
%E5%AE%B4,宴,宴,宴,https://prts.wiki/w/%E5%AE%B4/语音记录
%E7%82%8E%E5%AE%A2,炎客,炎客,炎客,https://prts.wiki/w/%E7%82%8E%E5%AE%A2/语音记录
%E7%82%8E%E7%86%94,炎熔,炎熔,炎熔,https://prts.wiki/w/%E7%82%8E%E7%86%94/语音记录
%E7%84%B0%E5%B0%BE,焰尾,焰尾,焰尾,https://prts.wiki/w/%E7%84%B0%E5%B0%BE/语音记录
%E7%84%B0%E5%BD%B1%E8%8B%87%E8%8D%89,焰影苇草,焰影苇草,焰影苇草,https://prts.wiki/w/%E7%84%B0%E5%BD%B1%E8%8B%87%E8%8D%89/语音记录
%E7%82%8E%E7%8B%B1%E7%82%8E%E7%86%94,炎狱炎熔,炎狱炎熔,炎狱炎熔,https://prts.wiki/w/%E7%82%8E%E7%8B%B1%E7%82%8E%E7%86%94/语音记录
%E6%B4%8B%E7%81%B0,洋灰,洋灰,洋灰,https://prts.wiki/w/%E6%B4%8B%E7%81%B0/语音记录
%E9%81%A5,遥,遥,遥,https://prts.wiki/w/%E9%81%A5/语音记录
%E8%80%80%E9%AA%91%E5%A3%AB%E4%B8%B4%E5%85%89,耀骑士临光,耀骑士临光,耀骑士临光,https://prts.wiki/w/%E8%80%80%E9%AA%91%E5%A3%AB%E4%B8%B4%E5%85%89/语音记录
%E5%A4%9C%E5%8D%8A,夜半,夜半,夜半,https://prts.wiki/w/%E5%A4%9C%E5%8D%8A/语音记录
%E5%A4%9C%E5%88%80,夜刀,夜刀,夜刀,https://prts.wiki/w/%E5%A4%9C%E5%88%80/语音记录
%E8%80%B6%E6%8B%89,耶拉,耶拉,耶拉,https://prts.wiki/w/%E8%80%B6%E6%8B%89/语音记录
%E5%A4%9C%E9%AD%94,夜魔,夜魔,夜魔,https://prts.wiki/w/%E5%A4%9C%E9%AD%94/语音记录
%E5%A4%9C%E7%83%9F,夜烟,夜烟,夜烟,https://prts.wiki/w/%E5%A4%9C%E7%83%9F/语音记录
%E5%A4%9C%E8%8E%BA,夜莺,夜莺,夜莺,https://prts.wiki/w/%E5%A4%9C%E8%8E%BA/语音记录
%E9%87%8E%E9%AC%83,野鬃,野鬃,野鬃,https://prts.wiki/w/%E9%87%8E%E9%AC%83/语音记录
%E4%BC%8A%E8%8A%99%E5%88%A9%E7%89%B9,伊芙利特,伊芙利特,伊芙利特,https://prts.wiki/w/%E4%BC%8A%E8%8A%99%E5%88%A9%E7%89%B9/语音记录
%E5%BC%82%E5%AE%A2,异客,异客,异客,https://prts.wiki/w/%E5%BC%82%E5%AE%A2/语音记录
%E4%BC%8A%E5%86%85%E4%B8%9D,伊内丝,伊内丝,伊内丝,https://prts.wiki/w/%E4%BC%8A%E5%86%85%E4%B8%9D/语音记录
%E4%BC%8A%E6%A1%91,伊桑,伊桑,伊桑,https://prts.wiki/w/%E4%BC%8A%E6%A1%91/语音记录
%E5%8C%BB%E7%94%9F,医生,医生,医生,https://prts.wiki/w/%E5%8C%BB%E7%94%9F/语音记录
%E9%9A%90%E5%BE%B7%E6%9D%A5%E5%B8%8C,隐德来希,隐德来希,隐德来希,https://prts.wiki/w/%E9%9A%90%E5%BE%B7%E6%9D%A5%E5%B8%8C/语音记录
%E9%93%B6%E7%81%B0,银灰,银灰,银灰,https://prts.wiki/w/%E9%93%B6%E7%81%B0/语音记录
%E5%9B%A0%E9%99%80%E7%BD%97,因陀罗,因陀罗,因陀罗,https://prts.wiki/w/%E5%9B%A0%E9%99%80%E7%BD%97/语音记录
%E9%9A%90%E7%8E%B0,隐现,隐现,隐现,https://prts.wiki/w/%E9%9A%90%E7%8E%B0/语音记录
%E5%BC%95%E6%98%9F%E6%A3%98%E5%88%BA,引星棘刺,引星棘刺,引星棘刺,https://prts.wiki/w/%E5%BC%95%E6%98%9F%E6%A3%98%E5%88%BA/语音记录
%E5%B9%BD%E7%81%B5%E9%B2%A8,幽灵鲨,幽灵鲨,幽灵鲨,https://prts.wiki/w/%E5%B9%BD%E7%81%B5%E9%B2%A8/语音记录
%E4%BD%99,余,余,余,https://prts.wiki/w/%E4%BD%99/语音记录
%E9%83%81%E9%87%91%E9%A6%99,郁金香,郁金香,郁金香,https://prts.wiki/w/%E9%83%81%E9%87%91%E9%A6%99/语音记录
%E7%BE%BD%E6%AF%9B%E7%AC%94,羽毛笔,羽毛笔,羽毛笔,https://prts.wiki/w/%E7%BE%BD%E6%AF%9B%E7%AC%94/语音记录
%E8%BF%9C%E5%B1%B1,远山,远山,远山,https://prts.wiki/w/%E8%BF%9C%E5%B1%B1/语音记录
%E8%BF%9C%E7%89%99,远牙,远牙,远牙,https://prts.wiki/w/%E8%BF%9C%E7%89%99/语音记录
%E6%9C%88%E7%A6%BE,月禾,月禾,月禾,https://prts.wiki/w/%E6%9C%88%E7%A6%BE/语音记录
%E6%9C%88%E8%A7%81%E5%A4%9C,月见夜,月见夜,月见夜,https://prts.wiki/w/%E6%9C%88%E8%A7%81%E5%A4%9C/语音记录
%E8%B7%83%E8%B7%83,跃跃,跃跃,跃跃,https://prts.wiki/w/%E8%B7%83%E8%B7%83/语音记录
%E4%BA%91%E8%BF%B9,云迹,云迹,云迹,https://prts.wiki/w/%E4%BA%91%E8%BF%B9/语音记录
%E9%99%A8%E6%98%9F,陨星,陨星,陨星,https://prts.wiki/w/%E9%99%A8%E6%98%9F/语音记录
%E6%97%A9%E9%9C%B2,早露,早露,早露,https://prts.wiki/w/%E6%97%A9%E9%9C%B2/语音记录
%E6%88%98%E8%BD%A6,战车,战车,战车,https://prts.wiki/w/%E6%88%98%E8%BD%A6/语音记录
%E6%96%A9%E4%B8%9A%E6%98%9F%E7%86%8A,斩业星熊,斩业星熊,斩业星熊,https://prts.wiki/w/%E6%96%A9%E4%B8%9A%E6%98%9F%E7%86%8A/语音记录
%E6%8A%98%E5%85%89,折光,折光,折光,https://prts.wiki/w/%E6%8A%98%E5%85%89/语音记录
%E7%9C%9F%E7%90%86,真理,真理,真理,https://prts.wiki/w/%E7%9C%9F%E7%90%86/语音记录
%E6%AD%A3%E4%B9%89%E9%AA%91%E5%A3%AB%E5%8F%B7,正义骑士号,正义骑士号,正义骑士号,https://prts.wiki/w/%E6%AD%A3%E4%B9%89%E9%AA%91%E5%A3%AB%E5%8F%B7/语音记录
%E8%87%B3%E7%AE%80,至简,至简,至简,https://prts.wiki/w/%E8%87%B3%E7%AE%80/语音记录
%E6%AD%A2%E9%A2%82,止颂,止颂,止颂,https://prts.wiki/w/%E6%AD%A2%E9%A2%82/语音记录
%E9%87%8D%E5%B2%B3,重岳,重岳,重岳,https://prts.wiki/w/%E9%87%8D%E5%B2%B3/语音记录
%E7%83%9B%E7%85%8C,烛煌,烛煌,烛煌,https://prts.wiki/w/%E7%83%9B%E7%85%8C/语音记录
%E9%93%B8%E9%93%81,铸铁,铸铁,铸铁,https://prts.wiki/w/%E9%93%B8%E9%93%81/语音记录
%E6%BF%AF%E5%B0%98%E8%8A%99%E8%93%89,濯尘芙蓉,濯尘芙蓉,濯尘芙蓉,https://prts.wiki/w/%E6%BF%AF%E5%B0%98%E8%8A%99%E8%93%89/语音记录
%E6%B5%8A%E5%BF%83%E6%96%AF%E5%8D%A1%E8%92%82,浊心斯卡蒂,浊心斯卡蒂,浊心斯卡蒂,https://prts.wiki/w/%E6%B5%8A%E5%BF%83%E6%96%AF%E5%8D%A1%E8%92%82/语音记录
%E6%A2%93%E5%85%B0,梓兰,梓兰,梓兰,https://prts.wiki/w/%E6%A2%93%E5%85%B0/语音记录
%E5%AD%90%E6%9C%88,子月,子月,子月,https://prts.wiki/w/%E5%AD%90%E6%9C%88/语音记录
%E5%B7%A6%E4%B9%90,左乐,左乐,左乐,https://prts.wiki/w/%E5%B7%A6%E4%B9%90/语音记录
